"","region","variable","value","variableEn","ID_2","NAME_2"
"1","Ардатовский район","Среднее (полное) общее",18.4681984681985,"Secondary (complete)",29719,"Ardatovskiy rayon"
"2","Ардатовский район","Высшее профессиональное (высшее)",6.28371628371628,"Higher professional education (higher)",29719,"Ardatovskiy rayon"
"3","Ардатовский район","Не имеющие начального общего образования - умеющие читать и писать",0.699300699300699,"Not having a primary education - can read and write",29719,"Ardatovskiy rayon"
"4","Ардатовский район","Начальное общее (начальное)",19.99333999334,"Initial total (initial)",29719,"Ardatovskiy rayon"
"5","Ардатовский район","Послевузовское профессиональное",0.02997002997003,"Graduate Professional",29719,"Ardatovskiy rayon"
"6","Ардатовский район","Не указавшие образование",9.58041958041958,"Does not have education",29719,"Ardatovskiy rayon"
"7","Ардатовский район","Не имеющие начального общего образования - не умеющие читать и писать (неграмотные)",0.699300699300699,"Not having a primary education - who can not read and write (illiterate)",29719,"Ardatovskiy rayon"
"8","Ардатовский район","Основное общее (неполное среднее)",20.3696303696304,"Basic general (lower secondary)",29719,"Ardatovskiy rayon"
"9","Ардатовский район","Неполное высшее профессиональное (незаконченное высшее)",0.962370962370962,NA,29719,"Ardatovskiy rayon"
"10","Ардатовский район","Среднее профессиональное (среднее специальное)",22.9137529137529,"Vocational (secondary special)",29719,"Ardatovskiy rayon"
"11","Арзамасский район","Высшее профессиональное (высшее)",5.00501373326939,"Higher professional education (higher)",29721,"Arzamasskiy rayon"
"12","Арзамасский район","Не имеющие начального общего образования - умеющие читать и писать",1.38858612721803,"Not having a primary education - can read and write",29721,"Arzamasskiy rayon"
"13","Арзамасский район","Среднее профессиональное (среднее специальное)",16.8941012338144,"Vocational (secondary special)",29721,"Arzamasskiy rayon"
"14","Арзамасский район","Неполное высшее профессиональное (незаконченное высшее)",0.935170248942756,NA,29721,"Arzamasskiy rayon"
"15","Арзамасский район","Начальное общее (начальное)",24.318786240572,"Initial total (initial)",29721,"Arzamasskiy rayon"
"16","Арзамасский район","Среднее (полное) общее",23.7345773204866,"Secondary (complete)",29721,"Arzamasskiy rayon"
"17","Арзамасский район","Послевузовское профессиональное",0.0283384923922047,"Graduate Professional",29721,"Arzamasskiy rayon"
"18","Арзамасский район","Не указавшие образование",7.95657671011902,"Does not have education",29721,"Arzamasskiy rayon"
"19","Арзамасский район","Основное общее (неполное среднее)",18.4047608667219,"Basic general (lower secondary)",29721,"Arzamasskiy rayon"
"20","Арзамасский район","Не имеющие начального общего образования - не умеющие читать и писать (неграмотные)",1.33408902646379,"Not having a primary education - who can not read and write (illiterate)",29721,"Arzamasskiy rayon"
"21","Балахнинский район","Неполное высшее профессиональное (незаконченное высшее)",1.4678409394182,NA,29723,"Balakhninskiy rayon"
"22","Балахнинский район","Не имеющие начального общего образования - умеющие читать и писать",0.598574097373137,"Not having a primary education - can read and write",29723,"Balakhninskiy rayon"
"23","Балахнинский район","Не имеющие начального общего образования - не умеющие читать и писать (неграмотные)",0.598574097373137,"Not having a primary education - who can not read and write (illiterate)",29723,"Balakhninskiy rayon"
"24","Балахнинский район","Начальное общее (начальное)",15.9708719356438,"Initial total (initial)",29723,"Balakhninskiy rayon"
"25","Балахнинский район","Послевузовское профессиональное",0.0762514773723741,"Graduate Professional",29723,"Balakhninskiy rayon"
"26","Балахнинский район","Не указавшие образование",7.78908841358801,"Does not have education",29723,"Balakhninskiy rayon"
"27","Балахнинский район","Высшее профессиональное (высшее)",6.56143962789279,"Higher professional education (higher)",29723,"Balakhninskiy rayon"
"28","Балахнинский район","Среднее (полное) общее",26.0131915055854,"Secondary (complete)",29723,"Balakhninskiy rayon"
"29","Балахнинский район","Основное общее (неполное среднее)",20.9844065728773,"Basic general (lower secondary)",29723,"Balakhninskiy rayon"
"30","Балахнинский район","Среднее профессиональное (среднее специальное)",19.9397613328758,"Vocational (secondary special)",29723,"Balakhninskiy rayon"
"31","Богородский район","Основное общее (неполное среднее)",23.5437052603927,"Basic general (lower secondary)",29725,"Bogorodskiy rayon"
"32","Богородский район","Не указавшие образование",8.2977605569055,"Does not have education",29725,"Bogorodskiy rayon"
"33","Богородский район","Послевузовское профессиональное",0.0689564589216523,"Graduate Professional",29725,"Bogorodskiy rayon"
"34","Богородский район","Начальное общее (начальное)",19.5442306429369,"Initial total (initial)",29725,"Bogorodskiy rayon"
"35","Богородский район","Среднее (полное) общее",24.3744664083536,"Secondary (complete)",29725,"Bogorodskiy rayon"
"36","Богородский район","Среднее профессиональное (среднее специальное)",15.7220726341367,"Vocational (secondary special)",29725,"Bogorodskiy rayon"
"37","Богородский район","Не имеющие начального общего образования - не умеющие читать и писать (неграмотные)",0.656728180206213,"Not having a primary education - who can not read and write (illiterate)",29725,"Bogorodskiy rayon"
"38","Богородский район","Неполное высшее профессиональное (незаконченное высшее)",1.02449596112169,NA,29725,"Bogorodskiy rayon"
"39","Богородский район","Не имеющие начального общего образования - умеющие читать и писать",0.640309975701057,"Not having a primary education - can read and write",29725,"Bogorodskiy rayon"
"40","Богородский район","Высшее профессиональное (высшее)",6.12727392132396,"Higher professional education (higher)",29725,"Bogorodskiy rayon"
"41","Большеболдинский район","Среднее (полное) общее",21.4637525011544,"Secondary (complete)",29726,"Bol'sheboldinskiy rayon"
"42","Большеболдинский район","Не указавшие образование",9.06572264121903,"Does not have education",29726,"Bol'sheboldinskiy rayon"
"43","Большеболдинский район","Не имеющие начального общего образования - не умеющие читать и писать (неграмотные)",1.08511620748038,"Not having a primary education - who can not read and write (illiterate)",29726,"Bol'sheboldinskiy rayon"
"44","Большеболдинский район","Неполное высшее профессиональное (незаконченное высшее)",0.861936278282284,NA,29726,"Bol'sheboldinskiy rayon"
"45","Большеболдинский район","Основное общее (неполное среднее)",19.7629675234724,"Basic general (lower secondary)",29726,"Bol'sheboldinskiy rayon"
"46","Большеболдинский район","Не имеющие начального общего образования - умеющие читать и писать",0.407880560258581,"Not having a primary education - can read and write",29726,"Bol'sheboldinskiy rayon"
"47","Большеболдинский район","Высшее профессиональное (высшее)",6.24134215791904,"Higher professional education (higher)",29726,"Bol'sheboldinskiy rayon"
"48","Большеболдинский район","Послевузовское профессиональное",0.0461751577651224,"Graduate Professional",29726,"Bol'sheboldinskiy rayon"
"49","Большеболдинский район","Начальное общее (начальное)",21.9408957980606,"Initial total (initial)",29726,"Bol'sheboldinskiy rayon"
"50","Большеболдинский район","Среднее профессиональное (среднее специальное)",19.1242111743882,"Vocational (secondary special)",29726,"Bol'sheboldinskiy rayon"
"51","Большемурашкинский район","Основное общее (неполное среднее)",17.8692768160492,"Basic general (lower secondary)",29727,"Bol'shemurashkinskiy rayon"
"52","Большемурашкинский район","Среднее (полное) общее",21.9381977026371,"Secondary (complete)",29727,"Bol'shemurashkinskiy rayon"
"53","Большемурашкинский район","Высшее профессиональное (высшее)",7.2318395081702,"Higher professional education (higher)",29727,"Bol'shemurashkinskiy rayon"
"54","Большемурашкинский район","Среднее профессиональное (среднее специальное)",21.6550719948228,"Vocational (secondary special)",29727,"Bol'shemurashkinskiy rayon"
"55","Большемурашкинский район","Не имеющие начального общего образования - умеющие читать и писать",0.72803753437955,"Not having a primary education - can read and write",29727,"Bol'shemurashkinskiy rayon"
"56","Большемурашкинский район","Не имеющие начального общего образования - не умеющие читать и писать (неграмотные)",0.541983497815887,"Not having a primary education - who can not read and write (illiterate)",29727,"Bol'shemurashkinskiy rayon"
"57","Большемурашкинский район","Неполное высшее профессиональное (незаконченное высшее)",1.01925254813137,NA,29727,"Bol'shemurashkinskiy rayon"
"58","Большемурашкинский район","Начальное общее (начальное)",20.554926387316,"Initial total (initial)",29727,"Bol'shemurashkinskiy rayon"
"59","Большемурашкинский район","Не указавшие образование",8.46141401067788,"Does not have education",29727,"Bol'shemurashkinskiy rayon"
"60","Большемурашкинский район","Послевузовское профессиональное",NA,"Graduate Professional",29727,"Bol'shemurashkinskiy rayon"
"61","Борский район","Среднее (полное) общее",20.0191120719366,"Secondary (complete)",29729,"Borskiy rayon"
"62","Борский район","Основное общее (неполное среднее)",21.5355453206755,"Basic general (lower secondary)",29729,"Borskiy rayon"
"63","Борский район","Неполное высшее профессиональное (незаконченное высшее)",1.28458188426231,NA,29729,"Borskiy rayon"
"64","Борский район","Начальное общее (начальное)",20.122505247987,"Initial total (initial)",29729,"Borskiy rayon"
"65","Борский район","Высшее профессиональное (высшее)",6.6939248676254,"Higher professional education (higher)",29729,"Borskiy rayon"
"66","Борский район","Послевузовское профессиональное",0.0642290942131153,"Graduate Professional",29729,"Borskiy rayon"
"67","Борский район","Среднее профессиональное (среднее специальное)",21.2535639314472,"Vocational (secondary special)",29729,"Borskiy rayon"
"68","Борский район","Не имеющие начального общего образования - умеющие читать и писать",0.764482877463421,"Not having a primary education - can read and write",29729,"Borskiy rayon"
"69","Борский район","Не имеющие начального общего образования - не умеющие читать и писать (неграмотные)",0.708086599617759,"Not having a primary education - who can not read and write (illiterate)",29729,"Borskiy rayon"
"70","Борский район","Не указавшие образование",7.55396810477175,"Does not have education",29729,"Borskiy rayon"
"71","Бутурлинский район","Основное общее (неполное среднее)",21.3628557409225,"Basic general (lower secondary)",29730,"Buturlinskiy rayon"
"72","Бутурлинский район","Среднее профессиональное (среднее специальное)",20.2404317958783,"Vocational (secondary special)",29730,"Buturlinskiy rayon"
"73","Бутурлинский район","Не имеющие начального общего образования - не умеющие читать и писать (неграмотные)",0.717615309126595,"Not having a primary education - who can not read and write (illiterate)",29730,"Buturlinskiy rayon"
"74","Бутурлинский район","Неполное высшее профессиональное (незаконченное высшее)",0.736015701668302,NA,29730,"Buturlinskiy rayon"
"75","Бутурлинский район","Среднее (полное) общее",19.2406771344455,"Secondary (complete)",29730,"Buturlinskiy rayon"
"76","Бутурлинский район","Не указавшие образование",9.66020608439647,"Does not have education",29730,"Buturlinskiy rayon"
"77","Бутурлинский район","Послевузовское профессиональное",0.0797350343473994,"Graduate Professional",29730,"Buturlinskiy rayon"
"78","Бутурлинский район","Начальное общее (начальное)",20.7311089303238,"Initial total (initial)",29730,"Buturlinskiy rayon"
"79","Бутурлинский район","Высшее профессиональное (высшее)",6.648675171737,"Higher professional education (higher)",29730,"Buturlinskiy rayon"
"80","Бутурлинский район","Не имеющие начального общего образования - умеющие читать и писать",0.582679097154073,"Not having a primary education - can read and write",29730,"Buturlinskiy rayon"
"81","Вадский район","Неполное высшее профессиональное (незаконченное высшее)",0.82389289392379,NA,29767,"Vadskiy rayon"
"82","Вадский район","Высшее профессиональное (высшее)",7.32492276004119,"Higher professional education (higher)",29767,"Vadskiy rayon"
"83","Вадский район","Послевузовское профессиональное",0.0579299691040165,"Graduate Professional",29767,"Vadskiy rayon"
"84","Вадский район","Основное общее (неполное среднее)",23.4101441812564,"Basic general (lower secondary)",29767,"Vadskiy rayon"
"85","Вадский район","Не имеющие начального общего образования - умеющие читать и писать",0.868949536560247,"Not having a primary education - can read and write",29767,"Vadskiy rayon"
"86","Вадский район","Не имеющие начального общего образования - не умеющие читать и писать (неграмотные)",0.914006179196704,"Not having a primary education - who can not read and write (illiterate)",29767,"Vadskiy rayon"
"87","Вадский район","Среднее профессиональное (среднее специальное)",21.8395983522142,"Vocational (secondary special)",29767,"Vadskiy rayon"
"88","Вадский район","Среднее (полное) общее",17.0378475798146,"Secondary (complete)",29767,"Vadskiy rayon"
"89","Вадский район","Начальное общее (начальное)",17.6235839340886,"Initial total (initial)",29767,"Vadskiy rayon"
"90","Вадский район","Не указавшие образование",10.0991246138002,"Does not have education",29767,"Vadskiy rayon"
"91","Варнавинский район","Неполное высшее профессиональное (незаконченное высшее)",0.877940675076713,NA,29768,"Varnavinskiy rayon"
"92","Варнавинский район","Основное общее (неполное среднее)",20.9171496760996,"Basic general (lower secondary)",29768,"Varnavinskiy rayon"
"93","Варнавинский район","Среднее (полное) общее",22.0848960109103,"Secondary (complete)",29768,"Varnavinskiy rayon"
"94","Варнавинский район","Высшее профессиональное (высшее)",7.48380497783839,"Higher professional education (higher)",29768,"Varnavinskiy rayon"
"95","Варнавинский район","Послевузовское профессиональное",NA,"Graduate Professional",29768,"Varnavinskiy rayon"
"96","Варнавинский район","Среднее профессиональное (среднее специальное)",19.1527446300716,"Vocational (secondary special)",29768,"Varnavinskiy rayon"
"97","Варнавинский район","Не имеющие начального общего образования - умеющие читать и писать",0.843845891578588,"Not having a primary education - can read and write",29768,"Varnavinskiy rayon"
"98","Варнавинский район","Не имеющие начального общего образования - не умеющие читать и писать (неграмотные)",0.818274803954995,"Not having a primary education - who can not read and write (illiterate)",29768,"Varnavinskiy rayon"
"99","Варнавинский район","Начальное общее (начальное)",19.0930787589499,"Initial total (initial)",29768,"Varnavinskiy rayon"
"100","Варнавинский район","Не указавшие образование",8.72826457551995,"Does not have education",29768,"Varnavinskiy rayon"
"101","Вачский район","Среднее (полное) общее",24.7852602645594,"Secondary (complete)",29766,"Vachskiy rayon"
"102","Вачский район","Не имеющие начального общего образования - не умеющие читать и писать (неграмотные)",0.592681669816183,"Not having a primary education - who can not read and write (illiterate)",29766,"Vachskiy rayon"
"103","Вачский район","Среднее профессиональное (среднее специальное)",16.8184160797114,"Vocational (secondary special)",29766,"Vachskiy rayon"
"104","Вачский район","Не указавшие образование",6.75571207696272,"Does not have education",29766,"Vachskiy rayon"
"105","Вачский район","Неполное высшее профессиональное (незаконченное высшее)",0.871843325889022,NA,29766,"Vachskiy rayon"
"106","Вачский район","Основное общее (неполное среднее)",21.5383954646968,"Basic general (lower secondary)",29766,"Vachskiy rayon"
"107","Вачский район","Начальное общее (начальное)",22.1869094657275,"Initial total (initial)",29766,"Vachskiy rayon"
"108","Вачский район","Высшее профессиональное (высшее)",5.84521559869438,"Higher professional education (higher)",29766,"Vachskiy rayon"
"109","Вачский район","Послевузовское профессиональное",0.0386531523793163,"Graduate Professional",29766,"Vachskiy rayon"
"110","Вачский район","Не имеющие начального общего образования - умеющие читать и писать",0.566912901563305,"Not having a primary education - can read and write",29766,"Vachskiy rayon"
"111","Ветлужский район","Среднее (полное) общее",14.3040754029883,"Secondary (complete)",29769,"Vetluzhskiy rayon"
"112","Ветлужский район","Основное общее (неполное среднее)",20.1199592995234,"Basic general (lower secondary)",29769,"Vetluzhskiy rayon"
"113","Ветлужский район","Не имеющие начального общего образования - не умеющие читать и писать (неграмотные)",0.690837037433728,"Not having a primary education - who can not read and write (illiterate)",29769,"Vetluzhskiy rayon"
"114","Ветлужский район","Среднее профессиональное (среднее специальное)",28.8919830771702,"Vocational (secondary special)",29769,"Vetluzhskiy rayon"
"115","Ветлужский район","Начальное общее (начальное)",18.8989450008033,"Initial total (initial)",29769,"Vetluzhskiy rayon"
"116","Ветлужский район","Не указавшие образование",8.12402934718578,"Does not have education",29769,"Vetluzhskiy rayon"
"117","Ветлужский район","Неполное высшее профессиональное (незаконченное высшее)",1.25314625394955,NA,29769,"Vetluzhskiy rayon"
"118","Ветлужский район","Высшее профессиональное (высшее)",6.52278691158357,"Higher professional education (higher)",29769,"Vetluzhskiy rayon"
"119","Ветлужский район","Послевузовское профессиональное",NA,"Graduate Professional",29769,"Vetluzhskiy rayon"
"120","Ветлужский район","Не имеющие начального общего образования - умеющие читать и писать",1.19423766936218,"Not having a primary education - can read and write",29769,"Vetluzhskiy rayon"
"121","Вознесенский район","Основное общее (неполное среднее)",20.8407462003762,"Basic general (lower secondary)",29773,"Voznesenskiy rayon"
"122","Вознесенский район","Среднее профессиональное (среднее специальное)",15.3052406852031,"Vocational (secondary special)",29773,"Voznesenskiy rayon"
"123","Вознесенский район","Среднее (полное) общее",22.462257916942,"Secondary (complete)",29773,"Voznesenskiy rayon"
"124","Вознесенский район","Послевузовское профессиональное",NA,"Graduate Professional",29773,"Voznesenskiy rayon"
"125","Вознесенский район","Неполное высшее профессиональное (незаконченное высшее)",0.548975753570884,NA,29773,"Voznesenskiy rayon"
"126","Вознесенский район","Высшее профессиональное (высшее)",5.63208458293092,"Higher professional education (higher)",29773,"Voznesenskiy rayon"
"127","Вознесенский район","Не имеющие начального общего образования - не умеющие читать и писать (неграмотные)",1.55543130178417,"Not having a primary education - who can not read and write (illiterate)",29773,"Voznesenskiy rayon"
"128","Вознесенский район","Не имеющие начального общего образования - умеющие читать и писать",1.48935088700249,"Not having a primary education - can read and write",29773,"Voznesenskiy rayon"
"129","Вознесенский район","Не указавшие образование",9.08859858689575,"Does not have education",29773,"Voznesenskiy rayon"
"130","Вознесенский район","Начальное общее (начальное)",23.0773140852946,"Initial total (initial)",29773,"Voznesenskiy rayon"
"131","Володарский район","Неполное высшее профессиональное (незаконченное высшее)",1.71548763073598,NA,29770,"Volodarskiy rayon"
"132","Володарский район","Основное общее (неполное среднее)",16.1707382964764,"Basic general (lower secondary)",29770,"Volodarskiy rayon"
"133","Володарский район","Послевузовское профессиональное",0.109991895334028,"Graduate Professional",29770,"Volodarskiy rayon"
"134","Володарский район","Не имеющие начального общего образования - не умеющие читать и писать (неграмотные)",0.308749179884991,"Not having a primary education - who can not read and write (illiterate)",29770,"Volodarskiy rayon"
"135","Володарский район","Среднее (полное) общее",23.7119370151673,"Secondary (complete)",29770,"Volodarskiy rayon"
"136","Володарский район","Не указавшие образование",9.27019412604685,"Does not have education",29770,"Volodarskiy rayon"
"137","Володарский район","Среднее профессиональное (среднее специальное)",22.4479950600131,"Vocational (secondary special)",29770,"Volodarskiy rayon"
"138","Володарский район","Начальное общее (начальное)",14.6038362085601,"Initial total (initial)",29770,"Volodarskiy rayon"
"139","Володарский район","Высшее профессиональное (высшее)",11.2982903014164,"Higher professional education (higher)",29770,"Volodarskiy rayon"
"140","Володарский район","Не имеющие начального общего образования - умеющие читать и писать",0.362780286364864,"Not having a primary education - can read and write",29770,"Volodarskiy rayon"
"141","Воротынский район","Не имеющие начального общего образования - не умеющие читать и писать (неграмотные)",1.24028137726768,"Not having a primary education - who can not read and write (illiterate)",29771,"Vorotynskiy rayon"
"142","Воротынский район","Не указавшие образование",7.78878193261755,"Does not have education",29771,"Vorotynskiy rayon"
"143","Воротынский район","Неполное высшее профессиональное (незаконченное высшее)",0.967234357645317,NA,29771,"Vorotynskiy rayon"
"144","Воротынский район","Среднее профессиональное (среднее специальное)",16.4800074046649,"Vocational (secondary special)",29771,"Vorotynskiy rayon"
"145","Воротынский район","Среднее (полное) общее",22.5472047389856,"Secondary (complete)",29771,"Vorotynskiy rayon"
"146","Воротынский район","Высшее профессиональное (высшее)",5.826545723806,"Higher professional education (higher)",29771,"Vorotynskiy rayon"
"147","Воротынский район","Послевузовское профессиональное",0.0231395779340985,"Graduate Professional",29771,"Vorotynskiy rayon"
"148","Воротынский район","Основное общее (неполное среднее)",21.1819696408738,"Basic general (lower secondary)",29771,"Vorotynskiy rayon"
"149","Воротынский район","Не имеющие начального общего образования - умеющие читать и писать",1.32358385783043,"Not having a primary education - can read and write",29771,"Vorotynskiy rayon"
"150","Воротынский район","Начальное общее (начальное)",22.6212513883747,"Initial total (initial)",29771,"Vorotynskiy rayon"
"151","Воскресенский район","Высшее профессиональное (высшее)",6.14259451682519,"Higher professional education (higher)",29772,"Voskresenskiy rayon"
"152","Воскресенский район","Не имеющие начального общего образования - не умеющие читать и писать (неграмотные)",1.01510670609863,"Not having a primary education - who can not read and write (illiterate)",29772,"Voskresenskiy rayon"
"153","Воскресенский район","Послевузовское профессиональное",0.0639437295180241,"Graduate Professional",29772,"Voskresenskiy rayon"
"154","Воскресенский район","Не имеющие начального общего образования - умеющие читать и писать",1.49468467748381,"Not having a primary education - can read and write",29772,"Voskresenskiy rayon"
"155","Воскресенский район","Среднее (полное) общее",20.1902325953161,"Secondary (complete)",29772,"Voskresenskiy rayon"
"156","Воскресенский район","Не указавшие образование",7.70921589001679,"Does not have education",29772,"Voskresenskiy rayon"
"157","Воскресенский район","Среднее профессиональное (среднее специальное)",17.1289265446407,"Vocational (secondary special)",29772,"Voskresenskiy rayon"
"158","Воскресенский район","Основное общее (неполное среднее)",19.8345455998721,"Basic general (lower secondary)",29772,"Voskresenskiy rayon"
"159","Воскресенский район","Неполное высшее профессиональное (незаконченное высшее)",0.943170010390856,NA,29772,"Voskresenskiy rayon"
"160","Воскресенский район","Начальное общее (начальное)",25.4775797298377,"Initial total (initial)",29772,"Voskresenskiy rayon"
"161","Выксунский район","Начальное общее (начальное)",21.3006309790352,"Initial total (initial)",29775,"Vyksunskiy rayon"
"162","Выксунский район","Основное общее (неполное среднее)",19.2923536196486,"Basic general (lower secondary)",29775,"Vyksunskiy rayon"
"163","Выксунский район","Среднее профессиональное (среднее специальное)",20.0013569441617,"Vocational (secondary special)",29775,"Vyksunskiy rayon"
"164","Выксунский район","Неполное высшее профессиональное (незаконченное высшее)",0.79381233462243,NA,29775,"Vyksunskiy rayon"
"165","Выксунский район","Не указавшие образование",8.76585928489043,"Does not have education",29775,"Vyksunskiy rayon"
"166","Выксунский район","Послевузовское профессиональное",0.101770812131081,"Graduate Professional",29775,"Vyksunskiy rayon"
"167","Выксунский район","Не имеющие начального общего образования - не умеющие читать и писать (неграмотные)",0.586878349955899,"Not having a primary education - who can not read and write (illiterate)",29775,"Vyksunskiy rayon"
"168","Выксунский район","Не имеющие начального общего образования - умеющие читать и писать",0.58348598955153,"Not having a primary education - can read and write",29775,"Vyksunskiy rayon"
"169","Выксунский район","Высшее профессиональное (высшее)",3.54162426216161,"Higher professional education (higher)",29775,"Vyksunskiy rayon"
"170","Выксунский район","Среднее (полное) общее",25.0322274238415,"Secondary (complete)",29775,"Vyksunskiy rayon"
"171","Гагинский район","Среднее профессиональное (среднее специальное)",20.6534034200546,"Vocational (secondary special)",29734,"Gaginskiy rayon"
"172","Гагинский район","Послевузовское профессиональное",NA,"Graduate Professional",29734,"Gaginskiy rayon"
"173","Гагинский район","Не указавшие образование",7.79825670370617,"Does not have education",29734,"Gaginskiy rayon"
"174","Гагинский район","Неполное высшее профессиональное (незаконченное высшее)",0.771841107192761,NA,29734,"Gaginskiy rayon"
"175","Гагинский район","Среднее (полное) общее",18.0118437687138,"Secondary (complete)",29734,"Gaginskiy rayon"
"176","Гагинский район","Высшее профессиональное (высшее)",5.47607957947967,"Higher professional education (higher)",29734,"Gaginskiy rayon"
"177","Гагинский район","Не имеющие начального общего образования - не умеющие читать и писать (неграмотные)",1.25756870051234,"Not having a primary education - who can not read and write (illiterate)",29734,"Gaginskiy rayon"
"178","Гагинский район","Начальное общее (начальное)",25.3776033002861,"Initial total (initial)",29734,"Gaginskiy rayon"
"179","Гагинский район","Не имеющие начального общего образования - умеющие читать и писать",1.18437687138199,"Not having a primary education - can read and write",29734,"Gaginskiy rayon"
"180","Гагинский район","Основное общее (неполное среднее)",19.4690265486726,"Basic general (lower secondary)",29734,"Gaginskiy rayon"
"181","г. Арзамас","Не указавшие образование",8.70986206769208,"Does not have education",29720,"Arzamas"
"182","г. Арзамас","Послевузовское профессиональное",0.189264545672766,"Graduate Professional",29720,"Arzamas"
"183","г. Арзамас","Высшее профессиональное (высшее)",14.2622375685507,"Higher professional education (higher)",29720,"Arzamas"
"184","г. Арзамас","Основное общее (неполное среднее)",12.922613881862,"Basic general (lower secondary)",29720,"Arzamas"
"185","г. Арзамас","Не имеющие начального общего образования - умеющие читать и писать",0.302823273076426,"Not having a primary education - can read and write",29720,"Arzamas"
"186","г. Арзамас","Среднее (полное) общее",23.3063131266503,"Secondary (complete)",29720,"Arzamas"
"187","г. Арзамас","Среднее профессиональное (среднее специальное)",27.4719796148236,"Vocational (secondary special)",29720,"Arzamas"
"188","г. Арзамас","Неполное высшее профессиональное (незаконченное высшее)",2.39673541739757,NA,29720,"Arzamas"
"189","г. Арзамас","Начальное общее (начальное)",10.1842790405672,"Initial total (initial)",29720,"Arzamas"
"190","г. Арзамас","Не имеющие начального общего образования - не умеющие читать и писать (неграмотные)",0.253891463707369,"Not having a primary education - who can not read and write (illiterate)",29720,"Arzamas"
"191","г. Балахна","Начальное общее (начальное)",13.8464232554067,"Initial total (initial)",29722,"Balakhna"
"192","г. Балахна","Не имеющие начального общего образования - умеющие читать и писать",0.497329480781017,"Not having a primary education - can read and write",29722,"Balakhna"
"193","г. Балахна","Среднее (полное) общее",19.2767708606952,"Secondary (complete)",29722,"Balakhna"
"194","г. Балахна","Неполное высшее профессиональное (незаконченное высшее)",2.32729183083793,NA,29722,"Balakhna"
"195","г. Балахна","Среднее профессиональное (среднее специальное)",29.2443743980387,"Vocational (secondary special)",29722,"Balakhna"
"196","г. Балахна","Основное общее (неполное среднее)",15.3401628578934,"Basic general (lower secondary)",29722,"Balakhna"
"197","г. Балахна","Послевузовское профессиональное",0.211890377375011,"Graduate Professional",29722,"Balakhna"
"198","г. Балахна","Не указавшие образование",8.17616671044567,"Does not have education",29722,"Balakhna"
"199","г. Балахна","Не имеющие начального общего образования - не умеющие читать и писать (неграмотные)",0.255669380964889,"Not having a primary education - who can not read and write (illiterate)",29722,"Balakhna"
"200","г. Балахна","Высшее профессиональное (высшее)",10.8239208475615,"Higher professional education (higher)",29722,"Balakhna"
"201","г. Богородск","Высшее профессиональное (высшее)",8.41150808360184,"Higher professional education (higher)",29724,"Bogorodsk"
"202","г. Богородск","Начальное общее (начальное)",15.5085398192239,"Initial total (initial)",29724,"Bogorodsk"
"203","г. Богородск","Среднее (полное) общее",21.4422172165037,"Secondary (complete)",29724,"Bogorodsk"
"204","г. Богородск","Среднее профессиональное (среднее специальное)",23.8687234467224,"Vocational (secondary special)",29724,"Bogorodsk"
"205","г. Богородск","Неполное высшее профессиональное (незаконченное высшее)",1.16050297966981,NA,29724,"Bogorodsk"
"206","г. Богородск","Не указавшие образование",7.78991189301702,"Does not have education",29724,"Bogorodsk"
"207","г. Богородск","Послевузовское профессиональное",0.0627298907929628,"Graduate Professional",29724,"Bogorodsk"
"208","г. Богородск","Не имеющие начального общего образования - не умеющие читать и писать (неграмотные)",0.390636138119814,"Not having a primary education - who can not read and write (illiterate)",29724,"Bogorodsk"
"209","г. Богородск","Основное общее (неполное среднее)",21.0259188503322,"Basic general (lower secondary)",29724,"Bogorodsk"
"210","г. Богородск","Не имеющие начального общего образования - умеющие читать и писать",0.339311682016481,"Not having a primary education - can read and write",29724,"Bogorodsk"
"211","г. Бор","Основное общее (неполное среднее)",18.3802450922868,"Basic general (lower secondary)",29728,"Bor"
"212","г. Бор","Среднее профессиональное (среднее специальное)",24.2661480947511,"Vocational (secondary special)",29728,"Bor"
"213","г. Бор","Среднее (полное) общее",20.4154163383682,"Secondary (complete)",29728,"Bor"
"214","г. Бор","Послевузовское профессиональное",0.182729543511425,"Graduate Professional",29728,"Bor"
"215","г. Бор","Неполное высшее профессиональное (незаконченное высшее)",2.37380764781814,NA,29728,"Bor"
"216","г. Бор","Не имеющие начального общего образования - умеющие читать и писать",0.514660273926673,"Not having a primary education - can read and write",29728,"Bor"
"217","г. Бор","Высшее профессиональное (высшее)",11.6024878040603,"Higher professional education (higher)",29728,"Bor"
"218","г. Бор","Не имеющие начального общего образования - не умеющие читать и писать (неграмотные)",0.37384117617475,"Not having a primary education - who can not read and write (illiterate)",29728,"Bor"
"219","г. Бор","Начальное общее (начальное)",13.458282342291,"Initial total (initial)",29728,"Bor"
"220","г. Бор","Не указавшие образование",8.43238168681162,"Does not have education",29728,"Bor"
"221","г. Выкса","Не имеющие начального общего образования - не умеющие читать и писать (неграмотные)",0.228996475727998,"Not having a primary education - who can not read and write (illiterate)",29774,"Vyksa"
"222","г. Выкса","Неполное высшее профессиональное (незаконченное высшее)",1.48928913647215,NA,29774,"Vyksa"
"223","г. Выкса","Среднее (полное) общее",25.2740649310574,"Secondary (complete)",29774,"Vyksa"
"224","г. Выкса","Послевузовское профессиональное",0.188394263719487,"Graduate Professional",29774,"Vyksa"
"225","г. Выкса","Начальное общее (начальное)",11.9614116577071,"Initial total (initial)",29774,"Vyksa"
"226","г. Выкса","Основное общее (неполное среднее)",17.5921264190473,"Basic general (lower secondary)",29774,"Vyksa"
"227","г. Выкса","Не указавшие образование",9.71204911243565,"Does not have education",29774,"Vyksa"
"228","г. Выкса","Высшее профессиональное (высшее)",9.27516931122408,"Higher professional education (higher)",29774,"Vyksa"
"229","г. Выкса","Среднее профессиональное (среднее специальное)",24.0852321634483,"Vocational (secondary special)",29774,"Vyksa"
"230","г. Выкса","Не имеющие начального общего образования - умеющие читать и писать",0.193266529160509,"Not having a primary education - can read and write",29774,"Vyksa"
"231","г. Городец","Послевузовское профессиональное",0.116399786076069,"Graduate Professional",29735,"Gorodets"
"232","г. Городец","Высшее профессиональное (высшее)",10.9195583100009,"Higher professional education (higher)",29735,"Gorodets"
"233","г. Городец","Среднее (полное) общее",19.5771856419291,"Secondary (complete)",29735,"Gorodets"
"234","г. Городец","Не имеющие начального общего образования - не умеющие читать и писать (неграмотные)",0.386950640198823,"Not having a primary education - who can not read and write (illiterate)",29735,"Gorodets"
"235","г. Городец","Среднее профессиональное (среднее специальное)",24.4471010161387,"Vocational (secondary special)",29735,"Gorodets"
"236","г. Городец","Основное общее (неполное среднее)",18.5610469688867,"Basic general (lower secondary)",29735,"Gorodets"
"237","г. Городец","Не имеющие начального общего образования - умеющие читать и писать",0.449869443483185,"Not having a primary education - can read and write",29735,"Gorodets"
"238","г. Городец","Не указавшие образование",8.47830874256772,"Does not have education",29735,"Gorodets"
"239","г. Городец","Неполное высшее профессиональное (незаконченное высшее)",1.65161858621449,NA,29735,"Gorodets"
"240","г. Городец","Начальное общее (начальное)",15.4119608645044,"Initial total (initial)",29735,"Gorodets"
"241","г. Кстово","Среднее профессиональное (среднее специальное)",26.9076610087147,"Vocational (secondary special)",29741,"Kstovo"
"242","г. Кстово","Основное общее (неполное среднее)",13.4363708134698,"Basic general (lower secondary)",29741,"Kstovo"
"243","г. Кстово","Начальное общее (начальное)",12.8594418971852,"Initial total (initial)",29741,"Kstovo"
"244","г. Кстово","Послевузовское профессиональное",0.139677527100477,"Graduate Professional",29741,"Kstovo"
"245","г. Кстово","Не имеющие начального общего образования - не умеющие читать и писать (неграмотные)",0.204961588680047,"Not having a primary education - who can not read and write (illiterate)",29741,"Kstovo"
"246","г. Кстово","Высшее профессиональное (высшее)",13.9267603923117,"Higher professional education (higher)",29741,"Kstovo"
"247","г. Кстово","Не имеющие начального общего образования - умеющие читать и писать",0.230771566513831,"Not having a primary education - can read and write",29741,"Kstovo"
"248","г. Кстово","Среднее (полное) общее",20.6980839887043,"Secondary (complete)",29741,"Kstovo"
"249","г. Кстово","Неполное высшее профессиональное (незаконченное высшее)",2.72523001244952,NA,29741,"Kstovo"
"250","г. Кстово","Не указавшие образование",8.87104120487049,"Does not have education",29741,"Kstovo"
"251","г. Нижний Новгород","Среднее профессиональное (среднее специальное)",23.1061745057848,"Vocational (secondary special)",29748,"Nizhniy Novgorod gorsovet"
"252","г. Нижний Новгород","Не имеющие начального общего образования - умеющие читать и писать",0.184089777049376,"Not having a primary education - can read and write",29748,"Nizhniy Novgorod gorsovet"
"253","г. Нижний Новгород","Среднее (полное) общее",22.2131171999991,"Secondary (complete)",29748,"Nizhniy Novgorod gorsovet"
"254","г. Нижний Новгород","Не указавшие образование",7.71180079741632,"Does not have education",29748,"Nizhniy Novgorod gorsovet"
"255","г. Нижний Новгород","Высшее профессиональное (высшее)",18.4555739951384,"Higher professional education (higher)",29748,"Nizhniy Novgorod gorsovet"
"256","г. Нижний Новгород","Неполное высшее профессиональное (незаконченное высшее)",3.43282291649929,NA,29748,"Nizhniy Novgorod gorsovet"
"257","г. Нижний Новгород","Начальное общее (начальное)",10.1602101347314,"Initial total (initial)",29748,"Nizhniy Novgorod gorsovet"
"258","г. Нижний Новгород","Основное общее (неполное среднее)",14.222503789296,"Basic general (lower secondary)",29748,"Nizhniy Novgorod gorsovet"
"259","г. Нижний Новгород","Послевузовское профессиональное",0.37361196231592,"Graduate Professional",29748,"Nizhniy Novgorod gorsovet"
"260","г. Нижний Новгород","Не имеющие начального общего образования - не умеющие читать и писать (неграмотные)",0.140094921769496,"Not having a primary education - who can not read and write (illiterate)",29748,"Nizhniy Novgorod gorsovet"
"261","Городецкий район","Среднее профессиональное (среднее специальное)",24.3429809626993,"Vocational (secondary special)",29736,"Gorodetskiy rayon"
"262","Городецкий район","Не имеющие начального общего образования - умеющие читать и писать",0.431821699427333,"Not having a primary education - can read and write",29736,"Gorodetskiy rayon"
"263","Городецкий район","Не указавшие образование",8.61167002012072,"Does not have education",29736,"Gorodetskiy rayon"
"264","Городецкий район","Начальное общее (начальное)",16.1352731775267,"Initial total (initial)",29736,"Gorodetskiy rayon"
"265","Городецкий район","Неполное высшее профессиональное (незаконченное высшее)",1.82479492338647,NA,29736,"Gorodetskiy rayon"
"266","Городецкий район","Послевузовское профессиональное",0.117628850023216,"Graduate Professional",29736,"Gorodetskiy rayon"
"267","Городецкий район","Не имеющие начального общего образования - не умеющие читать и писать (неграмотные)",0.532425321157716,"Not having a primary education - who can not read and write (illiterate)",29736,"Gorodetskiy rayon"
"268","Городецкий район","Среднее (полное) общее",20.171800030955,"Secondary (complete)",29736,"Gorodetskiy rayon"
"269","Городецкий район","Основное общее (неполное среднее)",18.0374555022442,"Basic general (lower secondary)",29736,"Gorodetskiy rayon"
"270","Городецкий район","Высшее профессиональное (высшее)",9.79414951245937,"Higher professional education (higher)",29736,"Gorodetskiy rayon"
"271","г. Павлово","Среднее профессиональное (среднее специальное)",25.8041071318117,"Vocational (secondary special)",29749,"Pavlovo"
"272","г. Павлово","Не указавшие образование",8.06581307601905,"Does not have education",29749,"Pavlovo"
"273","г. Павлово","Основное общее (неполное среднее)",18.1388012618297,"Basic general (lower secondary)",29749,"Pavlovo"
"274","г. Павлово","Неполное высшее профессиональное (незаконченное высшее)",1.4025484010639,NA,29749,"Pavlovo"
"275","г. Павлово","Не имеющие начального общего образования - умеющие читать и писать",0.296901094822787,"Not having a primary education - can read and write",29749,"Pavlovo"
"276","г. Павлово","Послевузовское профессиональное",0.0788643533123028,"Graduate Professional",29749,"Pavlovo"
"277","г. Павлово","Начальное общее (начальное)",13.4780726170594,"Initial total (initial)",29749,"Pavlovo"
"278","г. Павлово","Среднее (полное) общее",22.821178944764,"Secondary (complete)",29749,"Pavlovo"
"279","г. Павлово","Не имеющие начального общего образования - не умеющие читать и писать (неграмотные)",0.261334817838807,"Not having a primary education - who can not read and write (illiterate)",29749,"Pavlovo"
"280","г. Павлово","Высшее профессиональное (высшее)",9.65237830147832,"Higher professional education (higher)",29749,"Pavlovo"
"281","Дальнеконстантиновский район","Не указавшие образование",8.73205257836198,"Does not have education",29732,"Dal'nekonstantinovskiy rayon"
"282","Дальнеконстантиновский район","Начальное общее (начальное)",21.9939332659252,"Initial total (initial)",29732,"Dal'nekonstantinovskiy rayon"
"283","Дальнеконстантиновский район","Основное общее (неполное среднее)",20.3963599595551,"Basic general (lower secondary)",29732,"Dal'nekonstantinovskiy rayon"
"284","Дальнеконстантиновский район","Послевузовское профессиональное",0.0242669362992922,"Graduate Professional",29732,"Dal'nekonstantinovskiy rayon"
"285","Дальнеконстантиновский район","Не имеющие начального общего образования - не умеющие читать и писать (неграмотные)",0.55005055611729,"Not having a primary education - who can not read and write (illiterate)",29732,"Dal'nekonstantinovskiy rayon"
"286","Дальнеконстантиновский район","Не имеющие начального общего образования - умеющие читать и писать",0.647118301314459,"Not having a primary education - can read and write",29732,"Dal'nekonstantinovskiy rayon"
"287","Дальнеконстантиновский район","Среднее (полное) общее",20.6552072800809,"Secondary (complete)",29732,"Dal'nekonstantinovskiy rayon"
"288","Дальнеконстантиновский район","Среднее профессиональное (среднее специальное)",18.1314459049545,"Vocational (secondary special)",29732,"Dal'nekonstantinovskiy rayon"
"289","Дальнеконстантиновский район","Высшее профессиональное (высшее)",7.9474216380182,"Higher professional education (higher)",29732,"Dal'nekonstantinovskiy rayon"
"290","Дальнеконстантиновский район","Неполное высшее профессиональное (незаконченное высшее)",0.922143579373104,NA,29732,"Dal'nekonstantinovskiy rayon"
"291","Дивеевский район","Не имеющие начального общего образования - умеющие читать и писать",0.623700623700624,"Not having a primary education - can read and write",29733,"Diveevskiy rayon"
"292","Дивеевский район","Не указавшие образование",8.65673365673366,"Does not have education",29733,"Diveevskiy rayon"
"293","Дивеевский район","Среднее профессиональное (среднее специальное)",19.7043197043197,"Vocational (secondary special)",29733,"Diveevskiy rayon"
"294","Дивеевский район","Высшее профессиональное (высшее)",8.66828366828367,"Higher professional education (higher)",29733,"Diveevskiy rayon"
"295","Дивеевский район","Неполное высшее профессиональное (незаконченное высшее)",1.05105105105105,NA,29733,"Diveevskiy rayon"
"296","Дивеевский район","Основное общее (неполное среднее)",19.3116193116193,"Basic general (lower secondary)",29733,"Diveevskiy rayon"
"297","Дивеевский район","Послевузовское профессиональное",0.0866250866250866,"Graduate Professional",29733,"Diveevskiy rayon"
"298","Дивеевский район","Начальное общее (начальное)",20.0623700623701,"Initial total (initial)",29733,"Diveevskiy rayon"
"299","Дивеевский район","Среднее (полное) общее",20.7611457611458,"Secondary (complete)",29733,"Diveevskiy rayon"
"300","Дивеевский район","Не имеющие начального общего образования - не умеющие читать и писать (неграмотные)",1.07415107415107,"Not having a primary education - who can not read and write (illiterate)",29733,"Diveevskiy rayon"
"301","Княгининский район","Среднее профессиональное (среднее специальное)",19.8959892837444,"Vocational (secondary special)",29737,"Knyagininskiy rayon"
"302","Княгининский район","Не имеющие начального общего образования - умеющие читать и писать",0.80371917106611,"Not having a primary education - can read and write",29737,"Knyagininskiy rayon"
"303","Княгининский район","Послевузовское профессиональное",0.0551571980143409,"Graduate Professional",29737,"Knyagininskiy rayon"
"304","Княгининский район","Неполное высшее профессиональное (незаконченное высшее)",1.03222756283981,NA,29737,"Knyagininskiy rayon"
"305","Княгининский район","Не указавшие образование",9.54219525648097,"Does not have education",29737,"Knyagininskiy rayon"
"306","Княгининский район","Среднее (полное) общее",21.3300764321172,"Secondary (complete)",29737,"Knyagininskiy rayon"
"307","Княгининский район","Высшее профессиональное (высшее)",7.24923173902766,"Higher professional education (higher)",29737,"Knyagininskiy rayon"
"308","Княгининский район","Начальное общее (начальное)",18.6194941296982,"Initial total (initial)",29737,"Knyagininskiy rayon"
"309","Княгининский район","Основное общее (неполное среднее)",20.9676148451659,"Basic general (lower secondary)",29737,"Knyagininskiy rayon"
"310","Княгининский район","Не имеющие начального общего образования - не умеющие читать и писать (неграмотные)",0.504294381845402,"Not having a primary education - who can not read and write (illiterate)",29737,"Knyagininskiy rayon"
"311","Ковернинский район","Среднее (полное) общее",18.6637991490953,"Secondary (complete)",29738,"Koverninskiy rayon"
"312","Ковернинский район","Послевузовское профессиональное",0.0888307073729487,"Graduate Professional",29738,"Koverninskiy rayon"
"313","Ковернинский район","Начальное общее (начальное)",23.872083781383,"Initial total (initial)",29738,"Koverninskiy rayon"
"314","Ковернинский район","Не имеющие начального общего образования - умеющие читать и писать",1.05661788769928,"Not having a primary education - can read and write",29738,"Koverninskiy rayon"
"315","Ковернинский район","Не указавшие образование",9.78540371218851,"Does not have education",29738,"Koverninskiy rayon"
"316","Ковернинский район","Среднее профессиональное (среднее специальное)",16.9152368039647,"Vocational (secondary special)",29738,"Koverninskiy rayon"
"317","Ковернинский район","Не имеющие начального общего образования - не умеющие читать и писать (неграмотные)",1.22492870166908,"Not having a primary education - who can not read and write (illiterate)",29738,"Koverninskiy rayon"
"318","Ковернинский район","Неполное высшее профессиональное (незаконченное высшее)",0.607789050446491,NA,29738,"Koverninskiy rayon"
"319","Ковернинский район","Основное общее (неполное среднее)",21.7494974052083,"Basic general (lower secondary)",29738,"Koverninskiy rayon"
"320","Ковернинский район","Высшее профессиональное (высшее)",6.03581280097246,"Higher professional education (higher)",29738,"Koverninskiy rayon"
"321","Краснобаковский район","Не указавшие образование",8.6012009890498,"Does not have education",29739,"Krasnobakovskiy rayon"
"322","Краснобаковский район","Среднее профессиональное (среднее специальное)",25.6755563405157,"Vocational (secondary special)",29739,"Krasnobakovskiy rayon"
"323","Краснобаковский район","Основное общее (неполное среднее)",20.8583539385376,"Basic general (lower secondary)",29739,"Krasnobakovskiy rayon"
"324","Краснобаковский район","Не имеющие начального общего образования - умеющие читать и писать",0.927234192864712,"Not having a primary education - can read and write",29739,"Krasnobakovskiy rayon"
"325","Краснобаковский район","Послевузовское профессиональное",0.0397386082656305,"Graduate Professional",29739,"Krasnobakovskiy rayon"
"326","Краснобаковский район","Высшее профессиональное (высшее)",7.70929000353232,"Higher professional education (higher)",29739,"Krasnobakovskiy rayon"
"327","Краснобаковский район","Начальное общее (начальное)",18.3106676086189,"Initial total (initial)",29739,"Krasnobakovskiy rayon"
"328","Краснобаковский район","Неполное высшее профессиональное (незаконченное высшее)",0.905157188272695,NA,29739,"Krasnobakovskiy rayon"
"329","Краснобаковский район","Среднее (полное) общее",16.0279053338043,"Secondary (complete)",29739,"Krasnobakovskiy rayon"
"330","Краснобаковский район","Не имеющие начального общего образования - не умеющие читать и писать (неграмотные)",0.944895796538326,"Not having a primary education - who can not read and write (illiterate)",29739,"Krasnobakovskiy rayon"
"331","Краснооктябрьский район","Среднее (полное) общее",24.4721974427594,"Secondary (complete)",29740,"Krasnooktyabr'skiy rayon"
"332","Краснооктябрьский район","Неполное высшее профессиональное (незаконченное высшее)",0.906928337793637,NA,29740,"Krasnooktyabr'skiy rayon"
"333","Краснооктябрьский район","Не имеющие начального общего образования - умеющие читать и писать",0.460898007731192,"Not having a primary education - can read and write",29740,"Krasnooktyabr'skiy rayon"
"334","Краснооктябрьский район","Не указавшие образование",9.95391019922688,"Does not have education",29740,"Krasnooktyabr'skiy rayon"
"335","Краснооктябрьский район","Послевузовское профессиональное",0.0669045495093666,"Graduate Professional",29740,"Krasnooktyabr'skiy rayon"
"336","Краснооктябрьский район","Среднее профессиональное (среднее специальное)",10.5114481118049,"Vocational (secondary special)",29740,"Krasnooktyabr'skiy rayon"
"337","Краснооктябрьский район","Начальное общее (начальное)",26.3455248290217,"Initial total (initial)",29740,"Krasnooktyabr'skiy rayon"
"338","Краснооктябрьский район","Основное общее (неполное среднее)",20.6140350877193,"Basic general (lower secondary)",29740,"Krasnooktyabr'skiy rayon"
"339","Краснооктябрьский район","Высшее профессиональное (высшее)",4.51977401129944,"Higher professional education (higher)",29740,"Krasnooktyabr'skiy rayon"
"340","Краснооктябрьский район","Не имеющие начального общего образования - не умеющие читать и писать (неграмотные)",2.14837942313411,"Not having a primary education - who can not read and write (illiterate)",29740,"Krasnooktyabr'skiy rayon"
"341","Кстовский район","Основное общее (неполное среднее)",18.9325493057493,"Basic general (lower secondary)",29742,"Kstovskiy rayon"
"342","Кстовский район","Начальное общее (начальное)",17.3830933321888,"Initial total (initial)",29742,"Kstovskiy rayon"
"343","Кстовский район","Не имеющие начального общего образования - умеющие читать и писать",0.701761916003176,"Not having a primary education - can read and write",29742,"Kstovskiy rayon"
"344","Кстовский район","Среднее (полное) общее",24.7290598107174,"Secondary (complete)",29742,"Kstovskiy rayon"
"345","Кстовский район","Не имеющие начального общего образования - не умеющие читать и писать (неграмотные)",0.48286370367191,"Not having a primary education - who can not read and write (illiterate)",29742,"Kstovskiy rayon"
"346","Кстовский район","Среднее профессиональное (среднее специальное)",19.969096722965,"Vocational (secondary special)",29742,"Kstovskiy rayon"
"347","Кстовский район","Неполное высшее профессиональное (незаконченное высшее)",1.59452325256991,NA,29742,"Kstovskiy rayon"
"348","Кстовский район","Не указавшие образование",7.90608837478808,"Does not have education",29742,"Kstovskiy rayon"
"349","Кстовский район","Послевузовское профессиональное",0.158808506985428,"Graduate Professional",29742,"Kstovskiy rayon"
"350","Кстовский район","Высшее профессиональное (высшее)",8.14215507436101,"Higher professional education (higher)",29742,"Kstovskiy rayon"
"351","Кулебакский район","Послевузовское профессиональное",0.0622735507246377,"Graduate Professional",29744,"Kulebakskiy rayon"
"352","Кулебакский район","Неполное высшее профессиональное (незаконченное высшее)",0.668025362318841,NA,29744,"Kulebakskiy rayon"
"353","Кулебакский район","Основное общее (неполное среднее)",19.4406702898551,"Basic general (lower secondary)",29744,"Kulebakskiy rayon"
"354","Кулебакский район","Высшее профессиональное (высшее)",5.19134963768116,"Higher professional education (higher)",29744,"Kulebakskiy rayon"
"355","Кулебакский район","Не указавшие образование",10.6204710144928,"Does not have education",29744,"Kulebakskiy rayon"
"356","Кулебакский район","Не имеющие начального общего образования - не умеющие читать и писать (неграмотные)",0.826539855072464,"Not having a primary education - who can not read and write (illiterate)",29744,"Kulebakskiy rayon"
"357","Кулебакский район","Начальное общее (начальное)",16.9440670289855,"Initial total (initial)",29744,"Kulebakskiy rayon"
"358","Кулебакский район","Среднее (полное) общее",25.877490942029,"Secondary (complete)",29744,"Kulebakskiy rayon"
"359","Кулебакский район","Среднее профессиональное (среднее специальное)",19.8029891304348,"Vocational (secondary special)",29744,"Kulebakskiy rayon"
"360","Кулебакский район","Не имеющие начального общего образования - умеющие читать и писать",0.566123188405797,"Not having a primary education - can read and write",29744,"Kulebakskiy rayon"
"361","Лукояновский район","Основное общее (неполное среднее)",20.529106695414,"Basic general (lower secondary)",29745,"Lukoyanovskiy rayon"
"362","Лукояновский район","Среднее (полное) общее",16.5141891498164,"Secondary (complete)",29745,"Lukoyanovskiy rayon"
"363","Лукояновский район","Неполное высшее профессиональное (незаконченное высшее)",1.24118641104831,NA,29745,"Lukoyanovskiy rayon"
"364","Лукояновский район","Не указавшие образование",7.29269856068994,"Does not have education",29745,"Lukoyanovskiy rayon"
"365","Лукояновский район","Высшее профессиональное (высшее)",6.82069809451664,"Higher professional education (higher)",29745,"Lukoyanovskiy rayon"
"366","Лукояновский район","Не имеющие начального общего образования - не умеющие читать и писать (неграмотные)",1.21787774605209,"Not having a primary education - who can not read and write (illiterate)",29745,"Lukoyanovskiy rayon"
"367","Лукояновский район","Начальное общее (начальное)",20.2377483829614,"Initial total (initial)",29745,"Lukoyanovskiy rayon"
"368","Лукояновский район","Не имеющие начального общего образования - умеющие читать и писать",1.1304702523163,"Not having a primary education - can read and write",29745,"Lukoyanovskiy rayon"
"369","Лукояновский район","Послевузовское профессиональное",0.0466173299924247,"Graduate Professional",29745,"Lukoyanovskiy rayon"
"370","Лукояновский район","Среднее профессиональное (среднее специальное)",24.9694073771925,"Vocational (secondary special)",29745,"Lukoyanovskiy rayon"
"371","Лысковский район","Основное общее (неполное среднее)",19.0215218158297,"Basic general (lower secondary)",29746,"Lyskovskiy rayon"
"372","Лысковский район","Неполное высшее профессиональное (незаконченное высшее)",1.21368928613431,NA,29746,"Lyskovskiy rayon"
"373","Лысковский район","Начальное общее (начальное)",19.4543102434435,"Initial total (initial)",29746,"Lyskovskiy rayon"
"374","Лысковский район","Среднее (полное) общее",19.6660002352111,"Secondary (complete)",29746,"Lyskovskiy rayon"
"375","Лысковский район","Послевузовское профессиональное",0.0823238856874045,"Graduate Professional",29746,"Lyskovskiy rayon"
"376","Лысковский район","Не имеющие начального общего образования - не умеющие читать и писать (неграмотные)",0.590379865929672,"Not having a primary education - who can not read and write (illiterate)",29746,"Lyskovskiy rayon"
"377","Лысковский район","Среднее профессиональное (среднее специальное)",24.6124897095143,"Vocational (secondary special)",29746,"Lyskovskiy rayon"
"378","Лысковский район","Высшее профессиональное (высшее)",6.68940373985652,"Higher professional education (higher)",29746,"Lyskovskiy rayon"
"379","Лысковский район","Не указавшие образование",8.0771492414442,"Does not have education",29746,"Lyskovskiy rayon"
"380","Лысковский район","Не имеющие начального общего образования - умеющие читать и писать",0.592731976949312,"Not having a primary education - can read and write",29746,"Lyskovskiy rayon"
"381","Навашинский район","Среднее профессиональное (среднее специальное)",24.2538668215816,"Vocational (secondary special)",29747,"Navashinskiy rayon"
"382","Навашинский район","Высшее профессиональное (высшее)",7.83167525960351,"Higher professional education (higher)",29747,"Navashinskiy rayon"
"383","Навашинский район","Не имеющие начального общего образования - не умеющие читать и писать (неграмотные)",0.49742211894561,"Not having a primary education - who can not read and write (illiterate)",29747,"Navashinskiy rayon"
"384","Навашинский район","Не указавшие образование",7.72638152639605,"Does not have education",29747,"Navashinskiy rayon"
"385","Навашинский район","Среднее (полное) общее",20.1474112264905,"Secondary (complete)",29747,"Navashinskiy rayon"
"386","Навашинский район","Послевузовское профессиональное",0.0399390022511074,"Graduate Professional",29747,"Navashinskiy rayon"
"387","Навашинский район","Неполное высшее профессиональное (незаконченное высшее)",0.925858688548399,NA,29747,"Navashinskiy rayon"
"388","Навашинский район","Основное общее (неполное среднее)",19.6282041972261,"Basic general (lower secondary)",29747,"Navashinskiy rayon"
"389","Навашинский район","Не имеющие начального общего образования - умеющие читать и писать",0.584561760220754,"Not having a primary education - can read and write",29747,"Navashinskiy rayon"
"390","Навашинский район","Начальное общее (начальное)",18.3646793987365,"Initial total (initial)",29747,"Navashinskiy rayon"
"391","Павловский район","Среднее (полное) общее",26.3440114639671,"Secondary (complete)",29750,"Pavlovskiy rayon"
"392","Павловский район","Не указавшие образование",7.71737623075856,"Does not have education",29750,"Pavlovskiy rayon"
"393","Павловский район","Начальное общее (начальное)",20.205241991402,"Initial total (initial)",29750,"Pavlovskiy rayon"
"394","Павловский район","Основное общее (неполное среднее)",21.1551795867425,"Basic general (lower secondary)",29750,"Pavlovskiy rayon"
"395","Павловский район","Высшее профессиональное (высшее)",4.92765682059816,"Higher professional education (higher)",29750,"Pavlovskiy rayon"
"396","Павловский район","Послевузовское профессиональное",0.0416031063652753,"Graduate Professional",29750,"Pavlovskiy rayon"
"397","Павловский район","Среднее профессиональное (среднее специальное)",17.450191836546,"Vocational (secondary special)",29750,"Pavlovskiy rayon"
"398","Павловский район","Не имеющие начального общего образования - умеющие читать и писать",0.587066056487773,"Not having a primary education - can read and write",29750,"Pavlovskiy rayon"
"399","Павловский район","Не имеющие начального общего образования - не умеющие читать и писать (неграмотные)",0.654093283409606,"Not having a primary education - who can not read and write (illiterate)",29750,"Pavlovskiy rayon"
"400","Павловский район","Неполное высшее профессиональное (незаконченное высшее)",0.917579623723016,NA,29750,"Pavlovskiy rayon"
"401","Первомайский район","Среднее профессиональное (среднее специальное)",22.8987723164096,"Vocational (secondary special)",29752,"Pervomayskiy rayon"
"402","Первомайский район","Начальное общее (начальное)",18.8199847101677,"Initial total (initial)",29752,"Pervomayskiy rayon"
"403","Первомайский район","Высшее профессиональное (высшее)",6.40823852138328,"Higher professional education (higher)",29752,"Pervomayskiy rayon"
"404","Первомайский район","Не имеющие начального общего образования - умеющие читать и писать",0.616090299950533,"Not having a primary education - can read and write",29752,"Pervomayskiy rayon"
"405","Первомайский район","Не указавшие образование",7.95520978549265,"Does not have education",29752,"Pervomayskiy rayon"
"406","Первомайский район","Среднее (полное) общее",21.8734541529883,"Secondary (complete)",29752,"Pervomayskiy rayon"
"407","Первомайский район","Не имеющие начального общего образования - не умеющие читать и писать (неграмотные)",1.33111480865225,"Not having a primary education - who can not read and write (illiterate)",29752,"Pervomayskiy rayon"
"408","Первомайский район","Неполное высшее профессиональное (незаконченное высшее)",1.45253406484688,NA,29752,"Pervomayskiy rayon"
"409","Первомайский район","Основное общее (неполное среднее)",18.6086252641993,"Basic general (lower secondary)",29752,"Pervomayskiy rayon"
"410","Первомайский район","Послевузовское профессиональное",0.0359760759095202,"Graduate Professional",29752,"Pervomayskiy rayon"
"411","Перевозский район","Не имеющие начального общего образования - не умеющие читать и писать (неграмотные)",0.525198346183931,"Not having a primary education - who can not read and write (illiterate)",29751,"Perevozskiy rayon"
"412","Перевозский район","Не имеющие начального общего образования - умеющие читать и писать",0.636942675159236,"Not having a primary education - can read and write",29751,"Perevozskiy rayon"
"413","Перевозский район","Среднее профессиональное (среднее специальное)",24.3770253659627,"Vocational (secondary special)",29751,"Perevozskiy rayon"
"414","Перевозский район","Неполное высшее профессиональное (незаконченное высшее)",0.921890714046262,NA,29751,"Perevozskiy rayon"
"415","Перевозский район","Начальное общее (начальное)",18.5216225276567,"Initial total (initial)",29751,"Perevozskiy rayon"
"416","Перевозский район","Не указавшие образование",9.33065146943793,"Does not have education",29751,"Perevozskiy rayon"
"417","Перевозский район","Послевузовское профессиональное",0.0614593809364175,"Graduate Professional",29751,"Perevozskiy rayon"
"418","Перевозский район","Среднее (полное) общее",17.515923566879,"Secondary (complete)",29751,"Perevozskiy rayon"
"419","Перевозский район","Основное общее (неполное среднее)",20.4771482847245,"Basic general (lower secondary)",29751,"Perevozskiy rayon"
"420","Перевозский район","Высшее профессиональное (высшее)",7.6321376690133,"Higher professional education (higher)",29751,"Perevozskiy rayon"
"421","Пильнинский район","Не имеющие начального общего образования - умеющие читать и писать",1.58767866334086,"Not having a primary education - can read and write",29753,"Pil'ninskiy rayon"
"422","Пильнинский район","Неполное высшее профессиональное (незаконченное высшее)",0.966068812606406,NA,29753,"Pil'ninskiy rayon"
"423","Пильнинский район","Начальное общее (начальное)",25.1296670230035,"Initial total (initial)",29753,"Pil'ninskiy rayon"
"424","Пильнинский район","Не имеющие начального общего образования - не умеющие читать и писать (неграмотные)",1.72229480935978,"Not having a primary education - who can not read and write (illiterate)",29753,"Pil'ninskiy rayon"
"425","Пильнинский район","Основное общее (неполное среднее)",23.8824880231223,"Basic general (lower secondary)",29753,"Pil'ninskiy rayon"
"426","Пильнинский район","Среднее (полное) общее",19.2501088807063,"Secondary (complete)",29753,"Pil'ninskiy rayon"
"427","Пильнинский район","Среднее профессиональное (среднее специальное)",13.8496258463,"Vocational (secondary special)",29753,"Pil'ninskiy rayon"
"428","Пильнинский район","Не указавшие образование",8.79756107217801,"Does not have education",29753,"Pil'ninskiy rayon"
"429","Пильнинский район","Послевузовское профессиональное",NA,"Graduate Professional",29753,"Pil'ninskiy rayon"
"430","Пильнинский район","Высшее профессиональное (высшее)",4.81450686938275,"Higher professional education (higher)",29753,"Pil'ninskiy rayon"
"431","Починковский район","Не указавшие образование",8.59187127037378,"Does not have education",29754,"Pochinkovskiy rayon"
"432","Починковский район","Неполное высшее профессиональное (незаконченное высшее)",0.866906154439925,NA,29754,"Pochinkovskiy rayon"
"433","Починковский район","Не имеющие начального общего образования - умеющие читать и писать",1.48145948995042,"Not having a primary education - can read and write",29754,"Pochinkovskiy rayon"
"434","Починковский район","Среднее профессиональное (среднее специальное)",18.5494166196598,"Vocational (secondary special)",29754,"Pochinkovskiy rayon"
"435","Починковский район","Среднее (полное) общее",20.7404328593059,"Secondary (complete)",29754,"Pochinkovskiy rayon"
"436","Починковский район","Основное общее (неполное среднее)",17.4242199329038,"Basic general (lower secondary)",29754,"Pochinkovskiy rayon"
"437","Починковский район","Высшее профессиональное (высшее)",6.25538105275658,"Higher professional education (higher)",29754,"Pochinkovskiy rayon"
"438","Починковский район","Послевузовское профессиональное",0.086096844105335,"Graduate Professional",29754,"Pochinkovskiy rayon"
"439","Починковский район","Начальное общее (начальное)",23.943829231363,"Initial total (initial)",29754,"Pochinkovskiy rayon"
"440","Починковский район","Не имеющие начального общего образования - не умеющие читать и писать (неграмотные)",2.06038654514147,"Not having a primary education - who can not read and write (illiterate)",29754,"Pochinkovskiy rayon"
"441","Сельские населенные пункты, подчиненные администрации г. Кулебаки","Среднее (полное) общее",28.6639365241874,"Secondary (complete)",29743,"Kulebaki"
"442","Сельские населенные пункты, подчиненные администрации г. Кулебаки","Основное общее (неполное среднее)",17.7527514717174,"Basic general (lower secondary)",29743,"Kulebaki"
"443","Сельские населенные пункты, подчиненные администрации г. Кулебаки","Не имеющие начального общего образования - умеющие читать и писать",0.33017660609163,"Not having a primary education - can read and write",29743,"Kulebaki"
"444","Сельские населенные пункты, подчиненные администрации г. Кулебаки","Высшее профессиональное (высшее)",6.72126951625288,"Higher professional education (higher)",29743,"Kulebaki"
"445","Сельские населенные пункты, подчиненные администрации г. Кулебаки","Среднее профессиональное (среднее специальное)",23.1353980035833,"Vocational (secondary special)",29743,"Kulebaki"
"446","Сельские населенные пункты, подчиненные администрации г. Кулебаки","Начальное общее (начальное)",13.4118249296135,"Initial total (initial)",29743,"Kulebaki"
"447","Сельские населенные пункты, подчиненные администрации г. Кулебаки","Послевузовское профессиональное",0.0972613258254415,"Graduate Professional",29743,"Kulebaki"
"448","Сельские населенные пункты, подчиненные администрации г. Кулебаки","Неполное высшее профессиональное (незаконченное высшее)",1.05195802405938,NA,29743,"Kulebaki"
"449","Сельские населенные пункты, подчиненные администрации г. Кулебаки","Не имеющие начального общего образования - не умеющие читать и писать (неграмотные)",0.309700537496801,"Not having a primary education - who can not read and write (illiterate)",29743,"Kulebaki"
"450","Сельские населенные пункты, подчиненные администрации г. Кулебаки","Не указавшие образование",8.52572306117226,"Does not have education",29743,"Kulebaki"
"451","Семеновский район","Среднее (полное) общее",18.4818481848185,"Secondary (complete)",29756,"Semenovskiy rayon"
"452","Семеновский район","Не имеющие начального общего образования - не умеющие читать и писать (неграмотные)",0.858085808580858,"Not having a primary education - who can not read and write (illiterate)",29756,"Semenovskiy rayon"
"453","Семеновский район","Основное общее (неполное среднее)",21.3861386138614,"Basic general (lower secondary)",29756,"Semenovskiy rayon"
"454","Семеновский район","Среднее профессиональное (среднее специальное)",22.3042304230423,"Vocational (secondary special)",29756,"Semenovskiy rayon"
"455","Семеновский район","Высшее профессиональное (высшее)",6.29262926292629,"Higher professional education (higher)",29756,"Semenovskiy rayon"
"456","Семеновский район","Неполное высшее профессиональное (незаконченное высшее)",1.06810681068107,NA,29756,"Semenovskiy rayon"
"457","Семеновский район","Начальное общее (начальное)",20.3780378037804,"Initial total (initial)",29756,"Semenovskiy rayon"
"458","Семеновский район","Не имеющие начального общего образования - умеющие читать и писать",0.804080408040804,"Not having a primary education - can read and write",29756,"Semenovskiy rayon"
"459","Семеновский район","Послевузовское профессиональное",0.082008200820082,"Graduate Professional",29756,"Semenovskiy rayon"
"460","Семеновский район","Не указавшие образование",8.34483448344834,"Does not have education",29756,"Semenovskiy rayon"
"461","Сергачский район","Неполное высшее профессиональное (незаконченное высшее)",1.00599674942555,NA,29757,"Sergachskiy rayon"
"462","Сергачский район","Среднее (полное) общее",22.7428123073474,"Secondary (complete)",29757,"Sergachskiy rayon"
"463","Сергачский район","Не имеющие начального общего образования - не умеющие читать и писать (неграмотные)",1.23017429804405,"Not having a primary education - who can not read and write (illiterate)",29757,"Sergachskiy rayon"
"464","Сергачский район","Основное общее (неполное среднее)",20.4702124082273,"Basic general (lower secondary)",29757,"Sergachskiy rayon"
"465","Сергачский район","Не имеющие начального общего образования - умеющие читать и писать",0.963963459059575,"Not having a primary education - can read and write",29757,"Sergachskiy rayon"
"466","Сергачский район","Не указавшие образование",8.82699097685367,"Does not have education",29757,"Sergachskiy rayon"
"467","Сергачский район","Среднее профессиональное (среднее специальное)",18.2256347026845,"Vocational (secondary special)",29757,"Sergachskiy rayon"
"468","Сергачский район","Послевузовское профессиональное",0.0224177548618506,"Graduate Professional",29757,"Sergachskiy rayon"
"469","Сергачский район","Высшее профессиональное (высшее)",6.10883819985428,"Higher professional education (higher)",29757,"Sergachskiy rayon"
"470","Сергачский район","Начальное общее (начальное)",20.4029591436418,"Initial total (initial)",29757,"Sergachskiy rayon"
"471","Сеченовский район","Неполное высшее профессиональное (незаконченное высшее)",0.865139949109415,NA,29755,"Sechenovskiy rayon"
"472","Сеченовский район","Не указавшие образование",8.68532654792197,"Does not have education",29755,"Sechenovskiy rayon"
"473","Сеченовский район","Среднее (полное) общее",23.8846480067854,"Secondary (complete)",29755,"Sechenovskiy rayon"
"474","Сеченовский район","Высшее профессиональное (высшее)",5.28131184619734,"Higher professional education (higher)",29755,"Sechenovskiy rayon"
"475","Сеченовский район","Послевузовское профессиональное",NA,"Graduate Professional",29755,"Sechenovskiy rayon"
"476","Сеченовский район","Основное общее (неполное среднее)",16.6299123551032,"Basic general (lower secondary)",29755,"Sechenovskiy rayon"
"477","Сеченовский район","Не имеющие начального общего образования - умеющие читать и писать",1.43624540571105,"Not having a primary education - can read and write",29755,"Sechenovskiy rayon"
"478","Сеченовский район","Не имеющие начального общего образования - не умеющие читать и писать (неграмотные)",1.86598812553011,"Not having a primary education - who can not read and write (illiterate)",29755,"Sechenovskiy rayon"
"479","Сеченовский район","Начальное общее (начальное)",23.7037037037037,"Initial total (initial)",29755,"Sechenovskiy rayon"
"480","Сеченовский район","Среднее профессиональное (среднее специальное)",17.6477240599378,"Vocational (secondary special)",29755,"Sechenovskiy rayon"
"481","Сосновский район","Неполное высшее профессиональное (незаконченное высшее)",1.02639296187683,NA,29761,"Sosnovskiy rayon"
"482","Сосновский район","Среднее (полное) общее",24.3126832844575,"Secondary (complete)",29761,"Sosnovskiy rayon"
"483","Сосновский район","Послевузовское профессиональное",0.0366568914956012,"Graduate Professional",29761,"Sosnovskiy rayon"
"484","Сосновский район","Основное общее (неполное среднее)",20.0421554252199,"Basic general (lower secondary)",29761,"Sosnovskiy rayon"
"485","Сосновский район","Начальное общее (начальное)",22.6677052785924,"Initial total (initial)",29761,"Sosnovskiy rayon"
"486","Сосновский район","Высшее профессиональное (высшее)",5.90175953079179,"Higher professional education (higher)",29761,"Sosnovskiy rayon"
"487","Сосновский район","Не имеющие начального общего образования - не умеющие читать и писать (неграмотные)",0.93933284457478,"Not having a primary education - who can not read and write (illiterate)",29761,"Sosnovskiy rayon"
"488","Сосновский район","Среднее профессиональное (среднее специальное)",16.0694648093842,"Vocational (secondary special)",29761,"Sosnovskiy rayon"
"489","Сосновский район","Не имеющие начального общего образования - умеющие читать и писать",1.02181085043988,"Not having a primary education - can read and write",29761,"Sosnovskiy rayon"
"490","Сосновский район","Не указавшие образование",7.98203812316715,"Does not have education",29761,"Sosnovskiy rayon"
"491","Спасский район","Среднее профессиональное (среднее специальное)",15.0565644537065,"Vocational (secondary special)",29762,"Spasskiy rayon"
"492","Спасский район","Не имеющие начального общего образования - не умеющие читать и писать (неграмотные)",1.73414706757964,"Not having a primary education - who can not read and write (illiterate)",29762,"Spasskiy rayon"
"493","Спасский район","Неполное высшее профессиональное (незаконченное высшее)",0.669842214944924,NA,29762,"Spasskiy rayon"
"494","Спасский район","Основное общее (неполное среднее)",22.439714200655,"Basic general (lower secondary)",29762,"Spasskiy rayon"
"495","Спасский район","Среднее (полное) общее",18.4504316760941,"Secondary (complete)",29762,"Spasskiy rayon"
"496","Спасский район","Не указавшие образование",8.38791306936588,"Does not have education",29762,"Spasskiy rayon"
"497","Спасский район","Послевузовское профессиональное",NA,"Graduate Professional",29762,"Spasskiy rayon"
"498","Спасский район","Начальное общее (начальное)",27.4412027389104,"Initial total (initial)",29762,"Spasskiy rayon"
"499","Спасский район","Высшее профессиональное (высшее)",4.62191128311998,"Higher professional education (higher)",29762,"Spasskiy rayon"
"500","Спасский район","Не имеющие начального общего образования - умеющие читать и писать",1.1982732956237,"Not having a primary education - can read and write",29762,"Spasskiy rayon"
"501","Тонкинский район","Послевузовское профессиональное",NA,"Graduate Professional",29763,"Tonkinskiy rayon"
"502","Тонкинский район","Высшее профессиональное (высшее)",5.98352493889744,"Higher professional education (higher)",29763,"Tonkinskiy rayon"
"503","Тонкинский район","Не имеющие начального общего образования - не умеющие читать и писать (неграмотные)",1.43025255725536,"Not having a primary education - who can not read and write (illiterate)",29763,"Tonkinskiy rayon"
"504","Тонкинский район","Среднее профессиональное (среднее специальное)",20.1321625780755,"Vocational (secondary special)",29763,"Tonkinskiy rayon"
"505","Тонкинский район","Среднее (полное) общее",18.946320267946,"Secondary (complete)",29763,"Tonkinskiy rayon"
"506","Тонкинский район","Не указавшие образование",9.66778310853625,"Does not have education",29763,"Tonkinskiy rayon"
"507","Тонкинский район","Неполное высшее профессиональное (незаконченное высшее)",0.778491898252919,NA,29763,"Tonkinskiy rayon"
"508","Тонкинский район","Основное общее (неполное среднее)",21.9878700099575,"Basic general (lower secondary)",29763,"Tonkinskiy rayon"
"509","Тонкинский район","Не имеющие начального общего образования - умеющие читать и писать",1.24015569837965,"Not having a primary education - can read and write",29763,"Tonkinskiy rayon"
"510","Тонкинский район","Начальное общее (начальное)",19.8334389426994,"Initial total (initial)",29763,"Tonkinskiy rayon"
"511","Тоншаевский район","Среднее (полное) общее",21.2564697483491,"Secondary (complete)",29764,"Tonshaevskiy rayon"
"512","Тоншаевский район","Не указавшие образование",10.1731215420311,"Does not have education",29764,"Tonshaevskiy rayon"
"513","Тоншаевский район","Послевузовское профессиональное",0.0713903266107442,"Graduate Professional",29764,"Tonshaevskiy rayon"
"514","Тоншаевский район","Основное общее (неполное среднее)",18.8113510619311,"Basic general (lower secondary)",29764,"Tonshaevskiy rayon"
"515","Тоншаевский район","Высшее профессиональное (высшее)",5.41971562853233,"Higher professional education (higher)",29764,"Tonshaevskiy rayon"
"516","Тоншаевский район","Не имеющие начального общего образования - не умеющие читать и писать (неграмотные)",0.820988756023559,"Not having a primary education - who can not read and write (illiterate)",29764,"Tonshaevskiy rayon"
"517","Тоншаевский район","Среднее профессиональное (среднее специальное)",20.6199060027366,"Vocational (secondary special)",29764,"Tonshaevskiy rayon"
"518","Тоншаевский район","Начальное общее (начальное)",20.8757213397585,"Initial total (initial)",29764,"Tonshaevskiy rayon"
"519","Тоншаевский район","Не имеющие начального общего образования - умеющие читать и писать",1.22553394015111,"Not having a primary education - can read and write",29764,"Tonshaevskiy rayon"
"520","Тоншаевский район","Неполное высшее профессиональное (незаконченное высшее)",0.7258016538759,NA,29764,"Tonshaevskiy rayon"
"521","Уренский район","Среднее (полное) общее",16.3654020864008,"Secondary (complete)",29765,"Urenskiy rayon"
"522","Уренский район","Среднее профессиональное (среднее специальное)",25.1370571097397,"Vocational (secondary special)",29765,"Urenskiy rayon"
"523","Уренский район","Основное общее (неполное среднее)",18.8214654929357,"Basic general (lower secondary)",29765,"Urenskiy rayon"
"524","Уренский район","Не имеющие начального общего образования - умеющие читать и писать",1.67914539018201,"Not having a primary education - can read and write",29765,"Urenskiy rayon"
"525","Уренский район","Не указавшие образование",9.52037843425958,"Does not have education",29765,"Urenskiy rayon"
"526","Уренский район","Послевузовское профессиональное",0.0469910090536011,"Graduate Professional",29765,"Urenskiy rayon"
"527","Уренский район","Неполное высшее профессиональное (незаконченное высшее)",1.05886407067448,NA,29765,"Urenskiy rayon"
"528","Уренский район","Начальное общее (начальное)",19.5795871056671,"Initial total (initial)",29765,"Urenskiy rayon"
"529","Уренский район","Высшее профессиональное (высшее)",6.29366247924564,"Higher professional education (higher)",29765,"Urenskiy rayon"
"530","Уренский район","Не имеющие начального общего образования - не умеющие читать и писать (неграмотные)",1.49744682184142,"Not having a primary education - who can not read and write (illiterate)",29765,"Urenskiy rayon"
"531","Чкаловский район","Послевузовское профессиональное",0.0749270447196151,"Graduate Professional",29731,"Chkalovskiy rayon"
"532","Чкаловский район","Среднее профессиональное (среднее специальное)",21.2004101269816,"Vocational (secondary special)",29731,"Chkalovskiy rayon"
"533","Чкаловский район","Основное общее (неполное среднее)",19.2365328495938,"Basic general (lower secondary)",29731,"Chkalovskiy rayon"
"534","Чкаловский район","Среднее (полное) общее",20.0252385834845,"Secondary (complete)",29731,"Chkalovskiy rayon"
"535","Чкаловский район","Не указавшие образование",7.74114677813708,"Does not have education",29731,"Chkalovskiy rayon"
"536","Чкаловский район","Высшее профессиональное (высшее)",8.10000788705734,"Higher professional education (higher)",29731,"Chkalovskiy rayon"
"537","Чкаловский район","Начальное общее (начальное)",21.1175960249231,"Initial total (initial)",29731,"Chkalovskiy rayon"
"538","Чкаловский район","Не имеющие начального общего образования - умеющие читать и писать",0.694061045823803,"Not having a primary education - can read and write",29731,"Chkalovskiy rayon"
"539","Чкаловский район","Не имеющие начального общего образования - не умеющие читать и писать (неграмотные)",0.630964587112548,"Not having a primary education - who can not read and write (illiterate)",29731,"Chkalovskiy rayon"
"540","Чкаловский район","Неполное высшее профессиональное (незаконченное высшее)",1.17911507216657,NA,29731,"Chkalovskiy rayon"
"541","Шарангский район","Высшее профессиональное (высшее)",5.08647741370503,"Higher professional education (higher)",29759,"Sharangskiy rayon"
"542","Шарангский район","Среднее профессиональное (среднее специальное)",18.2076917463329,"Vocational (secondary special)",29759,"Sharangskiy rayon"
"543","Шарангский район","Не имеющие начального общего образования - не умеющие читать и писать (неграмотные)",1.01437641392396,"Not having a primary education - who can not read and write (illiterate)",29759,"Sharangskiy rayon"
"544","Шарангский район","Начальное общее (начальное)",22.9730715901627,"Initial total (initial)",29759,"Sharangskiy rayon"
"545","Шарангский район","Послевузовское профессиональное",0.0510837042983288,"Graduate Professional",29759,"Sharangskiy rayon"
"546","Шарангский район","Неполное высшее профессиональное (незаконченное высшее)",1.12384149456323,NA,29759,"Sharangskiy rayon"
"547","Шарангский район","Среднее (полное) общее",18.64555206889,"Secondary (complete)",29759,"Sharangskiy rayon"
"548","Шарангский район","Не указавшие образование",10.2824199080493,"Does not have education",29759,"Sharangskiy rayon"
"549","Шарангский район","Не имеющие начального общего образования - умеющие читать и писать",0.992483397796103,"Not having a primary education - can read and write",29759,"Sharangskiy rayon"
"550","Шарангский район","Основное общее (неполное среднее)",21.6230022622783,"Basic general (lower secondary)",29759,"Sharangskiy rayon"
"551","Шатковский район","Начальное общее (начальное)",19.6722476982688,"Initial total (initial)",29760,"Shatkovskiy rayon"
"552","Шатковский район","Не имеющие начального общего образования - не умеющие читать и писать (неграмотные)",1.15886388681526,"Not having a primary education - who can not read and write (illiterate)",29760,"Shatkovskiy rayon"
"553","Шатковский район","Высшее профессиональное (высшее)",6.86431339092105,"Higher professional education (higher)",29760,"Shatkovskiy rayon"
"554","Шатковский район","Неполное высшее профессиональное (незаконченное высшее)",0.814048558529736,NA,29760,"Shatkovskiy rayon"
"555","Шатковский район","Не указавшие образование",9.02207529060467,"Does not have education",29760,"Shatkovskiy rayon"
"556","Шатковский район","Не имеющие начального общего образования - умеющие читать и писать",1.0771035512424,"Not having a primary education - can read and write",29760,"Shatkovskiy rayon"
"557","Шатковский район","Основное общее (неполное среднее)",20.0917137677296,"Basic general (lower secondary)",29760,"Shatkovskiy rayon"
"558","Шатковский район","Среднее (полное) общее",21.0052966478262,"Secondary (complete)",29760,"Shatkovskiy rayon"
"559","Шатковский район","Среднее профессиональное (среднее специальное)",20.2943372080623,"Vocational (secondary special)",29760,"Shatkovskiy rayon"
"560","Шатковский район","Послевузовское профессиональное",NA,"Graduate Professional",29760,"Shatkovskiy rayon"
"561","Шахунский район","Начальное общее (начальное)",18.1035849355708,"Initial total (initial)",29758,"Shakhunskiy rayon"
"562","Шахунский район","Не указавшие образование",9.10614398623095,"Does not have education",29758,"Shakhunskiy rayon"
"563","Шахунский район","Не имеющие начального общего образования - умеющие читать и писать",1.05758996308626,"Not having a primary education - can read and write",29758,"Shakhunskiy rayon"
"564","Шахунский район","Среднее (полное) общее",21.9965124442331,"Secondary (complete)",29758,"Shakhunskiy rayon"
"565","Шахунский район","Неполное высшее профессиональное (незаконченное высшее)",1.13458794755078,NA,29758,"Shakhunskiy rayon"
"566","Шахунский район","Не имеющие начального общего образования - не умеющие читать и писать (неграмотные)",0.883212174740132,"Not having a primary education - who can not read and write (illiterate)",29758,"Shakhunskiy rayon"
"567","Шахунский район","Высшее профессиональное (высшее)",5.97413773580633,"Higher professional education (higher)",29758,"Shakhunskiy rayon"
"568","Шахунский район","Основное общее (неполное среднее)",18.7535385103155,"Basic general (lower secondary)",29758,"Shakhunskiy rayon"
"569","Шахунский район","Послевузовское профессиональное",0.0226464660189777,"Graduate Professional",29758,"Shakhunskiy rayon"
"570","Шахунский район","Среднее профессиональное (среднее специальное)",22.9680458364472,"Vocational (secondary special)",29758,"Shakhunskiy rayon"
